smiles,name,hf_kJ_mol,uncertainty_kJ,sources,n_heavy
CC,エタン,-83.8,1.0,ATcT+API+Yaws,2
CCC,プロパン,-104.4,1.0,ATcT+API+Yaws,3
CCCC,n-ブタン,-125.8,1.1,ATcT+API+Yaws,4
CC(C)C,イソブタン,-135.4,1.0,ATcT+API+Yaws,4
CCCCC,n-ペンタン,-146.8,1.0,API+Yaws,5
CCCCCC,n-ヘキサン,-166.9,1.0,ATcT+API+Yaws,6
C1CCCCC1,シクロヘキサン,-122.1,1.2,ATcT+API+Yaws,6
C1CCCC1,シクロペンタン,-77.2,1.0,API+Yaws,5
C1=CCCCC1,シクロヘキセン,-5.2,1.0,API+Yaws,6
C=CC,プロペン,20.4,1.0,ATcT+API+Yaws,3
C=CC=C,"1,3-ブタジエン",110.2,1.0,API+Yaws,4
C=CC(=C)C,イソプレン,75.8,1.0,API+Yaws,5
C#C,アセチレン,228.3,1.3,ATcT+API+Yaws,2
CCc1ccccc1,エチルベンゼン,29.8,1.0,API+Yaws,8
C=Cc1ccccc1,スチレン,147.8,1.0,API+Yaws,8
c1ccc2ccccc2c1,ナフタレン,150.6,1.0,API+Yaws,10
Oc1ccccc1,フェノール,-96.4,1.0,API+Yaws,7
Nc1ccccc1,アニリン,86.9,1.0,API+Yaws,7
Clc1ccccc1,クロロベンゼン,52.2,1.1,ATcT+Yaws,7
O=Cc1ccccc1,ベンズアルデヒド,-36.8,4.0,Yaws,8
O=C(O)c1ccccc1,安息香酸,-290.1,4.0,Yaws,9
CC(=O)c1ccccc1,アセトフェノン,-86.6,4.0,Yaws,9
O=[N+]([O-])c1ccccc1,ニトロベンゼン,67.6,4.0,Yaws,9
CCCO,1-プロパノール,-255.8,1.1,API+Yaws,4
CC(C)O,2-プロパノール,-272.8,1.0,ATcT+API+Yaws,4
CCCCO,1-ブタノール,-274.6,1.0,API+Yaws,5
CCOCC,ジエチルエーテル,-251.5,1.2,API+Yaws,5
C1CCOC1,THF,-184.2,1.0,API+Yaws,5
C1CO1,エチレンオキシド,-52.7,1.0,ATcT+Yaws,3
CCC(C)=O,2-ブタノン (MEK),-238.5,1.0,API+Yaws,5
COC(C)=O,酢酸メチル,-410.5,1.9,API+Yaws,5
CCOC(C)=O,酢酸エチル,-443.7,1.3,API+Yaws,6
COC=O,ギ酸メチル,-351.0,1.8,API+Yaws,4
CC(=O)OC(C)=O,無水酢酸,-575.7,4.0,Yaws,7
CC(=O)Cl,塩化アセチル,-241.5,1.2,ATcT+Yaws,4
CN(C)C=O,DMF,-191.7,1.0,API+Yaws,5
NC=O,ホルムアミド,-186.2,4.0,Yaws,3
C=CC#N,アクリロニトリル,180.6,4.0,Yaws,4
CN,メチルアミン,-20.9,1.5,ATcT+API+Yaws,2
CNC,ジメチルアミン,-15.9,1.9,ATcT+Yaws,3
CN(C)C,トリメチルアミン,-24.0,1.0,ATcT+Yaws,4
CCN,エチルアミン,-46.8,1.2,API+Yaws,3
CCNCC,ジエチルアミン,-71.7,4.0,Yaws,5
c1ccncc1,ピリジン,140.3,1.0,API+Yaws,6
NN,ヒドラジン,95.5,1.0,ATcT+Yaws,2
C[N+](=O)[O-],ニトロメタン,-74.7,4.0,Yaws,4
CCl,クロロメタン,-82.6,1.0,ATcT+API+Yaws,2
ClCCl,ジクロロメタン,-94.7,1.0,ATcT+API+Yaws,3
ClC(Cl)(Cl)Cl,四塩化炭素,-97.6,1.4,ATcT+API+Yaws,5
CCCl,クロロエタン,-111.2,1.0,ATcT+API+Yaws,3
ClCCCl,"1,2-ジクロロエタン",-130.1,2.1,ATcT+API+Yaws,4
C=CCl,塩化ビニル,28.5,1.0,API+Yaws,3
CBr,ブロモメタン,-36.4,1.2,ATcT+Yaws,2
CF,fluoromethane,-236.6,1.1,ATcT+API+Yaws,2
CCF,fluoroethane,-263.8,1.1,API+Yaws,3
CC(F)F,"1,1-difluoroethane",-500.5,1.0,ATcT+Yaws,4
Fc1ccccc1,fluorobenzene,-115.4,1.0,ATcT+Yaws,7
FC(F)(F)F,tetrafluoromethane,-933.4,1.0,ATcT+API+Yaws,5
CC(N)=O,acetamide,-238.3,4.0,Yaws,4
CNC(C)=O,N-methylacetamide,-240.0,4.0,Yaws,5
CC(=O)N(C)C,"N,N-dimethylacetamide",-225.0,4.0,Yaws,6
O=C1CCCN1,2-pyrrolidone,-197.2,4.0,Yaws,6
CN1CCCC1=O,N-methylpyrrolidone,-195.4,1.0,API+Yaws,7
O=C1CCCO1,gamma-butyrolactone,-379.0,4.0,Yaws,6
c1ccc2ncccc2c1,quinoline,222.3,1.0,API+Yaws,10
Cc1ccccn1,2-methylpyridine,99.2,4.0,Yaws,7
OCc1ccccc1,benzyl alcohol,-100.4,4.0,Yaws,8
c1ccc2[nH]ccc2c1,indole,156.6,1.0,API+Yaws,9
CC(=O)Nc1ccccc1,acetanilide,-128.5,4.0,Yaws,10
C1COCCO1,"1,4-dioxane",-315.1,4.0,Yaws,6
CSC,dimethyl sulfide,-37.2,1.0,API+Yaws,3
CS,methanethiol,-22.6,1.0,API+Yaws,2
CCS,ethanethiol,-46.0,1.0,API+Yaws,3
CCC(=O)OC,methyl propionate,-427.5,4.0,Yaws,6
CC(=O)OC(C)C,isopropyl acetate,-481.7,1.0,API+Yaws,7
CC(C)(C)O,tert-butanol,-312.4,1.0,API+Yaws,5
CCCCCC=O,hexanal,-248.6,4.0,Yaws,7
CC(=O)CC(C)=O,acetylacetone,-380.0,4.0,Yaws,7
C1CCNCC1,piperidine,-48.9,4.0,Yaws,6
C1CCNC1,pyrrolidine,-3.5,4.0,Yaws,5
CCC#N,propionitrile,51.5,4.0,Yaws,4
