inchikey,smiles,name,hf_kJ_mol,uncertainty_kJ,hvap_kJ_mol,source
OTMSDBZUPAUEDD-UHFFFAOYSA-N,CC,エタン,-84.0,0.4,,NIST WebBook/Pedley 等。ATcT/API TDB/Yaws/CRC と照合済み (2026-09-30)
ATUOYWHBWRKTHZ-UHFFFAOYSA-N,CCC,プロパン,-104.7,0.5,,NIST WebBook/Pedley 等。ATcT/API TDB/Yaws/CRC と照合済み (2026-09-30)
IJDNQMDRQITEOD-UHFFFAOYSA-N,CCCC,n-ブタン,-125.7,0.7,,NIST WebBook/Pedley 等。ATcT/API TDB/Yaws/CRC と照合済み (2026-09-30)
NNPPMTNAJDCUHE-UHFFFAOYSA-N,CC(C)C,イソブタン,-134.2,0.7,,NIST WebBook/Pedley 等。ATcT/API TDB/Yaws/CRC と照合済み (2026-09-30)
OFBQJSOFQDEBGM-UHFFFAOYSA-N,CCCCC,n-ペンタン,-146.9,0.8,26.4,NIST WebBook/Pedley 等。ATcT/API TDB/Yaws/CRC と照合済み (2026-09-30)
VLKZOEOYAKHREP-UHFFFAOYSA-N,CCCCCC,n-ヘキサン,-167.2,0.9,31.6,NIST WebBook/Pedley 等。ATcT/API TDB/Yaws/CRC と照合済み (2026-09-30)
XDTMQSROBMDMFD-UHFFFAOYSA-N,C1CCCCC1,シクロヘキサン,-123.4,0.8,33.0,NIST WebBook/Pedley 等。ATcT/API TDB/Yaws/CRC と照合済み (2026-09-30)
RGSFGYAAUTVSQA-UHFFFAOYSA-N,C1CCCC1,シクロペンタン,-76.4,0.7,,NIST WebBook/Pedley 等。ATcT/API TDB/Yaws/CRC と照合済み (2026-09-30)
HGCIXCUEYOPUTN-UHFFFAOYSA-N,C1=CCCCC1,シクロヘキセン,-5.0,1.0,,NIST WebBook/Pedley 等。ATcT/API TDB/Yaws/CRC と照合済み (2026-09-30)
QQONPFPTGQHPMA-UHFFFAOYSA-N,C=CC,プロペン,20.0,0.5,,NIST WebBook/Pedley 等。ATcT/API TDB/Yaws/CRC と照合済み (2026-09-30)
KAKZBPTYRLMSJV-UHFFFAOYSA-N,C=CC=C,"1,3-ブタジエン",110.0,1.0,,NIST WebBook/Pedley 等。ATcT/API TDB/Yaws/CRC と照合済み (2026-09-30)
RRHGJUQNOFWUDK-UHFFFAOYSA-N,C=CC(=C)C,イソプレン,75.5,1.0,,NIST WebBook/Pedley 等。ATcT/API TDB/Yaws/CRC と照合済み (2026-09-30)
HSFWRNGVRCDJHI-UHFFFAOYSA-N,C#C,アセチレン,226.7,0.8,,NIST WebBook/Pedley 等。ATcT/API TDB/Yaws/CRC と照合済み (2026-09-30)
YNQLUTRBYVCPMQ-UHFFFAOYSA-N,CCc1ccccc1,エチルベンゼン,29.9,1.0,,NIST WebBook/Pedley 等。ATcT/API TDB/Yaws/CRC と照合済み (2026-09-30)
PPBRXRYQALVLMV-UHFFFAOYSA-N,C=Cc1ccccc1,スチレン,147.9,1.0,,NIST WebBook/Pedley 等。ATcT/API TDB/Yaws/CRC と照合済み (2026-09-30)
UFWIBTONFRDIAS-UHFFFAOYSA-N,c1ccc2ccccc2c1,ナフタレン,150.6,1.5,,NIST WebBook/Pedley 等。ATcT/API TDB/Yaws/CRC と照合済み (2026-09-30)
ISWSIDIOOBJBQZ-UHFFFAOYSA-N,Oc1ccccc1,フェノール,-96.4,0.9,,NIST WebBook/Pedley 等。ATcT/API TDB/Yaws/CRC と照合済み (2026-09-30)
PAYRUJLWNCNPSJ-UHFFFAOYSA-N,Nc1ccccc1,アニリン,87.5,1.0,,NIST WebBook/Pedley 等。ATcT/API TDB/Yaws/CRC と照合済み (2026-09-30)
MVPPADPHJFYWMZ-UHFFFAOYSA-N,Clc1ccccc1,クロロベンゼン,52.0,1.0,,NIST WebBook/Pedley 等。ATcT/API TDB/Yaws/CRC と照合済み (2026-09-30)
HUMNYLRZRPPJDN-UHFFFAOYSA-N,O=Cc1ccccc1,ベンズアルデヒド,-36.7,1.5,,NIST WebBook/Pedley 等。ATcT/API TDB/Yaws/CRC と照合済み (2026-09-30)
WPYMKLBDIGXBTP-UHFFFAOYSA-N,O=C(O)c1ccccc1,安息香酸,-292.0,4.0,,出典間で不一致。不確かさを拡大 (要確認)
KWOLFJPFCHCOCG-UHFFFAOYSA-N,CC(=O)c1ccccc1,アセトフェノン,-86.7,1.5,,NIST WebBook/Pedley 等。ATcT/API TDB/Yaws/CRC と照合済み (2026-09-30)
LQNUZADURLCDLV-UHFFFAOYSA-N,O=[N+]([O-])c1ccccc1,ニトロベンゼン,67.5,1.5,,NIST WebBook/Pedley 等。ATcT/API TDB/Yaws/CRC と照合済み (2026-09-30)
BDERNNFJNOPAEC-UHFFFAOYSA-N,CCCO,1-プロパノール,-255.1,1.0,47.5,NIST WebBook/Pedley 等。ATcT/API TDB/Yaws/CRC と照合済み (2026-09-30)
KFZMGEQAYNKOFK-UHFFFAOYSA-N,CC(C)O,2-プロパノール,-272.6,1.0,45.4,NIST WebBook/Pedley 等。ATcT/API TDB/Yaws/CRC と照合済み (2026-09-30)
LRHPLDYGYMQRHN-UHFFFAOYSA-N,CCCCO,1-ブタノール,-274.9,1.0,52.4,NIST WebBook/Pedley 等。ATcT/API TDB/Yaws/CRC と照合済み (2026-09-30)
RTZKZFJDLAIYFH-UHFFFAOYSA-N,CCOCC,ジエチルエーテル,-252.1,1.0,27.1,NIST WebBook/Pedley 等。ATcT/API TDB/Yaws/CRC と照合済み (2026-09-30)
WYURNTSHIVDZCO-UHFFFAOYSA-N,C1CCOC1,THF,-184.2,1.0,,NIST WebBook/Pedley 等。ATcT/API TDB/Yaws/CRC と照合済み (2026-09-30)
IAYPIBMASNFSPL-UHFFFAOYSA-N,C1CO1,エチレンオキシド,-52.6,0.7,,NIST WebBook/Pedley 等。ATcT/API TDB/Yaws/CRC と照合済み (2026-09-30)
ZWEHNKRNPOVVGH-UHFFFAOYSA-N,CCC(C)=O,2-ブタノン (MEK),-238.5,1.0,,NIST WebBook/Pedley 等。ATcT/API TDB/Yaws/CRC と照合済み (2026-09-30)
KXKVLQRXCPHEJC-UHFFFAOYSA-N,COC(C)=O,酢酸メチル,-411.9,1.0,32.3,NIST WebBook/Pedley 等。ATcT/API TDB/Yaws/CRC と照合済み (2026-09-30)
XEKOWRVHYACXOJ-UHFFFAOYSA-N,CCOC(C)=O,酢酸エチル,-444.5,1.0,35.6,NIST WebBook/Pedley 等。ATcT/API TDB/Yaws/CRC と照合済み (2026-09-30)
TZIHFWKZFHZASV-UHFFFAOYSA-N,COC=O,ギ酸メチル,-357.8,2.5,,出典間で不一致。不確かさを拡大 (要確認)
WFDIJRYMOXRFFG-UHFFFAOYSA-N,CC(=O)OC(C)=O,無水酢酸,-573.5,4.0,,出典間で不一致。不確かさを拡大 (要確認)
WETWJCDKMRHUPV-UHFFFAOYSA-N,CC(=O)Cl,塩化アセチル,-243.5,1.5,,NIST WebBook/Pedley 等。ATcT/API TDB/Yaws/CRC と照合済み (2026-09-30)
ZMXDDKWLCZADIW-UHFFFAOYSA-N,CN(C)C=O,DMF,-192.1,1.0,46.9,NIST WebBook/Pedley 等。ATcT/API TDB/Yaws/CRC と照合済み (2026-09-30)
ZHNUHDYFZUAESO-UHFFFAOYSA-N,NC=O,ホルムアミド,-186.2,1.0,,NIST WebBook/Pedley 等。ATcT/API TDB/Yaws/CRC と照合済み (2026-09-30)
WEVYAHXRMPXWCK-UHFFFAOYSA-N,CC#N,アセトニトリル,74.0,1.0,32.9,NIST WebBook/Pedley 等。ATcT/API TDB/Yaws/CRC と照合済み (2026-09-30)
NLHHRLWOUZZQLW-UHFFFAOYSA-N,C=CC#N,アクリロニトリル,180.6,1.5,,NIST WebBook/Pedley 等。ATcT/API TDB/Yaws/CRC と照合済み (2026-09-30)
LELOWRISYMNNSU-UHFFFAOYSA-N,C#N,シアン化水素,135.1,8.0,,NIST WebBook/Pedley 等。ATcT/API TDB/Yaws/CRC と照合済み (2026-09-30)
IAZDPXIOMUYVGZ-UHFFFAOYSA-N,CS(C)=O,DMSO,-151.3,3.0,,出典間で不一致。不確かさを拡大 (要確認)
BAVYZALUXZFZLV-UHFFFAOYSA-N,CN,メチルアミン,-22.5,0.5,,NIST WebBook/Pedley 等。ATcT/API TDB/Yaws/CRC と照合済み (2026-09-30)
ROSDSFDQCJNGOL-UHFFFAOYSA-N,CNC,ジメチルアミン,-18.8,0.8,,NIST WebBook/Pedley 等。ATcT/API TDB/Yaws/CRC と照合済み (2026-09-30)
GETQZCLCWQTVFV-UHFFFAOYSA-N,CN(C)C,トリメチルアミン,-23.7,0.5,,NIST WebBook/Pedley 等。ATcT/API TDB/Yaws/CRC と照合済み (2026-09-30)
QUSNBJAOOMFDIB-UHFFFAOYSA-N,CCN,エチルアミン,-47.5,0.8,,NIST WebBook/Pedley 等。ATcT/API TDB/Yaws/CRC と照合済み (2026-09-30)
HPNMFZURTQLUMO-UHFFFAOYSA-N,CCNCC,ジエチルアミン,-72.2,1.0,,NIST WebBook/Pedley 等。ATcT/API TDB/Yaws/CRC と照合済み (2026-09-30)
JUJWROOIHBZHMG-UHFFFAOYSA-N,c1ccncc1,ピリジン,140.4,0.7,40.2,NIST WebBook/Pedley 等。ATcT/API TDB/Yaws/CRC と照合済み (2026-09-30)
OAKJQQAXSVQMHS-UHFFFAOYSA-N,NN,ヒドラジン,95.4,0.2,,NIST WebBook/Pedley 等。ATcT/API TDB/Yaws/CRC と照合済み (2026-09-30)
LYGJENNIWJXYER-UHFFFAOYSA-N,C[N+](=O)[O-],ニトロメタン,-74.7,1.0,,NIST WebBook/Pedley 等。ATcT/API TDB/Yaws/CRC と照合済み (2026-09-30)
NEHMKBQYUWJMIP-UHFFFAOYSA-N,CCl,クロロメタン,-81.9,1.0,,NIST WebBook/Pedley 等。ATcT/API TDB/Yaws/CRC と照合済み (2026-09-30)
YMWUJEATGCHHMB-UHFFFAOYSA-N,ClCCl,ジクロロメタン,-95.4,1.5,28.8,NIST WebBook/Pedley 等。ATcT/API TDB/Yaws/CRC と照合済み (2026-09-30)
VZGDMQKNWNREIO-UHFFFAOYSA-N,ClC(Cl)(Cl)Cl,四塩化炭素,-95.8,2.0,32.4,NIST WebBook/Pedley 等。ATcT/API TDB/Yaws/CRC と照合済み (2026-09-30)
HRYZWHHZPQKTII-UHFFFAOYSA-N,CCCl,クロロエタン,-112.1,1.0,,NIST WebBook/Pedley 等。ATcT/API TDB/Yaws/CRC と照合済み (2026-09-30)
WSLDOOZREJYCGB-UHFFFAOYSA-N,ClCCCl,"1,2-ジクロロエタン",-129.5,2.5,35.2,出典間で不一致。不確かさを拡大 (要確認)
BZHJMEDXRYGGRV-UHFFFAOYSA-N,C=CCl,塩化ビニル,28.4,7.0,,出典間で不一致。不確かさを拡大 (要確認)
GZUXJHMPEANEGY-UHFFFAOYSA-N,CBr,ブロモメタン,-35.4,1.0,,NIST WebBook/Pedley 等。ATcT/API TDB/Yaws/CRC と照合済み (2026-09-30)
QGJOPFRUJISHPQ-UHFFFAOYSA-N,S=C=S,二硫化炭素,116.7,0.7,,NIST WebBook/Pedley 等。ATcT/API TDB/Yaws/CRC と照合済み (2026-09-30)
CBENFWSGALASAD-UHFFFAOYSA-N,O=[O+][O-],オゾン,142.7,1.0,,NIST WebBook/Pedley 等。ATcT/API TDB/Yaws/CRC と照合済み (2026-09-30)
